Date,precio_qqq,retorno_dia,vol_condicional,z_score,clasificacion
2018-02-06,153.84286499023438,0.026153731163545777,30.28382431831744,6.421086994119019,Anomalía Extrema
2016-06-27,95.4900131225586,-0.020048607103681376,29.061659726958105,5.902930644506017,Anomalía Extrema
2015-08-24,90.9621810913086,-0.03923629430684082,34.27498649027428,5.831685515758906,Anomalía Extrema
2018-10-11,161.64833068847656,-0.01248103733992399,31.34769833561818,5.717335085532188,Anomalía Extrema
2017-05-18,129.19264221191406,0.00870757826268779,18.172667730649856,5.383505179919403,Anomalía Extrema
2015-08-25,90.62034606933594,-0.0037650695926717674,40.00669694139256,5.341607547670228,Anomalía Extrema
2018-02-07,151.85244750976562,-0.013022414982903194,31.801442251517297,5.099537890408903,Anomalía Extrema
2025-04-10,444.03070068359375,-0.043463226780969415,80.17549995335419,5.08200622860943,Anomalía Extrema
2016-06-28,97.58256530761719,0.021677175933319283,29.899629861053825,4.78071978253285,Anomalía Extrema
2021-09-29,349.4475402832031,-0.0016408238898144721,23.102888124417003,4.6772257235792605,Anomalía Extrema
2018-02-09,147.95680236816406,0.01712187699174953,39.02555157460352,4.639178844926843,Anomalía Extrema
2025-04-07,421.6490173339844,0.002410224758303097,53.941619976921466,4.57754988677944,Anomalía Extrema
2020-02-28,198.33346557617188,0.00077796171192518,42.39409847502118,4.522845139196055,Anomalía Extrema
2020-09-09,268.8356628417969,0.02895252398539603,44.124737750637486,4.386777478782266,Anomalía Extrema
2015-08-27,97.59539031982422,0.02501689847857088,44.808039026823224,4.362633398397261,Anomalía Extrema
2018-10-12,166.1470489501953,0.027450055868603763,30.28616653657331,4.337871467973068,Anomalía Extrema
2020-02-25,207.55621337890625,-0.027568373454109067,29.988915492763304,4.311955640267825,Anomalía Extrema
2019-05-14,172.8818359375,0.010915864389477798,26.303616864269056,4.271997006878792,Anomalía Extrema
2021-09-21,356.12957763671875,0.001229669633150566,18.06217698982002,4.248296622094131,Anomalía Extrema
2020-02-26,208.62596130371094,0.005140778946268129,32.79800622417034,4.180598849791595,Anomalía Extrema
2017-05-19,129.73855590820312,0.00421667616054491,17.58364862144016,4.1420165733140335,Anomalía Extrema
2025-04-11,452.21112060546875,0.018255446043871172,78.9250174871907,4.113340395529233,Anomalía Extrema
2022-11-11,281.8291015625,0.018258523115518704,51.02891350714754,4.103917847736954,Anomalía Extrema
2016-06-29,99.31074523925781,0.0175549317396702,30.326298858222028,4.082433547222174,Anomalía Extrema
2018-10-15,164.1360321044922,-0.012177685223045423,32.17018591496384,4.042736089056306,Anomalía Extrema
2018-02-05,149.8714599609375,-0.040224722487919744,18.525118483490477,4.0368738732669405,Anomalía Extrema
2025-10-13,600.4782104492188,0.020999303481887274,24.474833272324346,4.025155924380895,Anomalía Extrema
2018-02-08,145.445068359375,-0.04311083102813842,30.77728402724841,4.021966931964872,Anomalía Extrema
2015-08-26,95.18414306640625,0.0491346053568997,37.25026753654674,3.9689997034075106,Anomalía Extrema
2020-03-17,175.53182983398438,0.0731034583877001,114.71975358654099,3.9669601408618873,Anomalía Extrema
2020-03-03,201.87986755371094,-0.03259287425089475,46.74217708162165,3.8879258750614607,Anomalía Extrema
2020-01-29,213.7625274658203,0.0016241157342032518,18.31576257821455,3.851250146233411,Anomalía Extrema
2020-09-10,263.4759826660156,-0.02013805766148755,44.11011048792259,3.8378575587863812,Anomalía Extrema
2020-01-28,213.41563415527344,0.01524306081472557,17.416775429231063,3.806139663298703,Anomalía Extrema
2025-10-14,596.4783935546875,-0.006683336337263552,25.63933234626527,3.7893066775723057,Anomalía Extrema
2024-07-25,454.01220703125,-0.011088938295538446,29.698843906514043,3.7832192722423414,Anomalía Extrema
2018-02-12,150.58229064941406,0.017589361212679736,37.41707391364192,3.723949170493834,Anomalía Extrema
2020-02-05,219.94000244140625,0.0032918030131104037,21.881540729423264,3.715722273651392,Anomalía Extrema
2015-08-28,97.57694244384766,-0.0001890419176763176,43.88617699543548,3.645837198172804,Anomalía Extrema
2024-12-19,510.1086730957031,-0.0044634860818009775,27.26103808930639,3.6418781484313563,Anomalía Extrema
2020-03-13,185.36175537109375,0.08130865520063728,84.81402673950798,3.6407911708985186,Anomalía Extrema
2023-10-27,340.2488708496094,0.004789610112906182,24.5258171472389,3.5995459479233145,Anomalía Extrema
2025-03-11,468.62939453125,-0.0023933231521931345,34.98599140261086,3.573194435465185,Anomalía Extrema
2020-03-16,163.15765380859375,-0.12759241549474487,91.88899210888458,3.5340493330603535,Anomalía Extrema
2020-03-04,210.30282592773438,0.0408757148131242,47.847612849500536,3.5140745918713034,Anomalía Extrema
2020-03-02,208.568115234375,0.05031589601038932,39.32967109391874,3.50387035619821,Anomalía Extrema
2021-09-30,348.1637268066406,-0.003680602611877498,21.62390435037386,3.503423429674366,Anomalía Extrema
2022-05-06,301.5432434082031,-0.012053006039455503,49.787235552844805,3.4845687104580496,Anomalía
2025-04-08,414.0557556152344,-0.01817261533606683,50.0000341905169,3.481448450917202,Anomalía
2020-03-18,170.1928253173828,-0.03088833220760748,114.50834790577537,3.4679688978379453,Anomalía
2016-01-19,93.87718200683594,0.002179432843540567,34.99873653384601,3.4668674413959844,Anomalía
2016-06-30,100.45980072021484,0.011503879588503558,29.80200503491145,3.452819944761346,Anomalía
2026-04-01,584.3099975585938,0.012277496156567945,29.243101873710252,3.4522428537952705,Anomalía
2019-05-15,175.3236541748047,0.014025386355562294,25.14417228347944,3.4358993319528848,Anomalía
2020-03-10,196.7047576904297,0.05301997413233844,62.413400006375895,3.401003606774141,Anomalía
2020-03-05,203.913330078125,-0.03085346920994349,50.23659300880968,3.343629749986268,Anomalía
2018-10-17,168.97779846191406,0.0003946913077531174,33.07621201730353,3.3306325601057822,Anomalía
2018-10-16,168.91111755371094,0.028677096876891975,30.968434029647828,3.3280682450687293,Anomalía
2024-02-23,431.4646911621094,-0.0029491274481702793,22.170849632337234,3.326770027804571,Anomalía
2025-04-14,455.2762756347656,0.006755282107980926,73.78716024274493,3.288517729517713,Anomalía
2016-01-14,96.67323303222656,0.021071916810352937,31.061402199930697,3.2756376252576938,Anomalía
2020-09-11,261.6475524902344,-0.006963837811536388,42.878728403166456,3.2695666348146144,Anomalía
2020-02-27,198.17922973632812,-0.05137116784227905,30.555868648003607,3.2690592406574313,Anomalía
2022-05-02,310.54327392578125,0.016558302314916094,45.043126110891116,3.2481169998449344,Anomalía
2020-03-11,188.13726806640625,-0.04453206695913523,65.52475355888885,3.2459359722811865,Anomalía
2022-11-14,279.36273193359375,-0.008789812542338455,48.365249892008556,3.2438745375678835,Anomalía
2015-08-21,94.60214233398438,-0.044689454109607535,21.93927540960539,3.2387974501356362,Anomalía
2025-04-04,420.63397216796875,-0.06412135888560226,40.07274378762645,3.2021658717542443,Anomalía
2017-05-22,130.83033752441406,0.00838003332641871,16.579367211859484,3.2007001017964396,Anomalía
2017-06-12,131.04684448242188,-0.005372415004802604,19.03769258248299,3.1619725699770433,Anomalía
2020-09-04,274.35009765625,-0.013415865613903866,36.06626981932475,3.1444722886026972,Anomalía
2024-07-26,458.6685485839844,0.010203747420259502,28.60046476945403,3.143037099438849,Anomalía
2018-02-13,151.3595428466797,0.005148368512347639,36.05594358159453,3.1382076626268307,Anomalía
2024-08-06,435.44635009765625,0.009509773378389664,35.58314061947135,3.1378006107421985,Anomalía
2016-01-08,96.61748504638672,-0.00823450174513408,27.775903286559142,3.135703232831948,Anomalía
2020-02-03,214.3118896484375,0.014996389713462125,18.387887859025653,3.1021415801076433,Anomalía
2021-09-22,359.45599365234375,0.00929711304787492,16.92979328473182,3.086670141100207,Anomalía
2020-02-04,219.21719360351562,0.02263060770222052,19.048301186283535,3.080606897450369,Anomalía
2025-10-15,600.6876220703125,0.007032016956618481,24.359222745277073,3.066078744799811,Anomalía
2021-10-05,347.5995788574219,0.013408465415902853,22.533355141744373,3.0317683724321545,Anomalía
2020-03-06,200.47286987304688,-0.017016125773386893,50.385505005420406,3.029080783964252,Anomalía
2020-03-12,170.88668823242188,-0.09617115074722417,66.59693962113134,3.003368836340516,Anomalía
2016-01-15,93.67280578613281,-0.03152863920645242,31.17263913666888,2.993301989877954,Anomalía
2021-03-10,301.3067626953125,-0.0028589065064777842,38.82807410528104,2.987545927920654,Anomalía
2019-05-16,177.0856170654297,0.00999960963726854,24.610926092364636,2.973813417725383,Anomalía
2018-10-26,158.8462371826172,-0.026058200600465594,40.04582873753692,2.9499212226722675,Anomalía
2015-06-30,98.91651916503906,0.0035554329955621877,19.33683481827146,2.9476554123111978,Anomalía
2022-05-10,293.26483154296875,0.012075485691838002,49.93897603543317,2.9465387339816065,Anomalía
2023-10-26,338.62310791015625,-0.019251133761681555,22.73948539880699,2.9382745643325667,Anomalía
2018-10-25,163.03988647460938,0.034010566563105485,37.69798030611171,2.924607489468249,Anomalía
2020-01-30,214.52389526367188,0.0035554178674936086,17.16201926799531,2.9213562038504244,Anomalía
2015-08-31,96.36668395996094,-0.012480680249067974,40.71662313257484,2.9147980055612215,Anomalía
2024-08-05,431.3249816894531,-0.0302697410454368,32.46003142537923,2.9111773961193084,Anomalía
2020-03-19,171.21434020996094,0.005984162279582051,107.74810236558085,2.9082574146175375,Anomalía
2025-04-09,463.7552490234375,0.11335629234999757,47.79831131089848,2.894431701896554,Anomalía
2020-02-06,221.8385009765625,0.008594851073674808,20.459804741932118,2.8819413019126645,Anomalía
2024-08-02,444.5806884765625,-0.024021254677925208,30.881758307471863,2.8639879417862324,Anomalía
2021-03-04,294.73553466796875,-0.01650252658736072,33.19349408982421,2.849215532956542,Anomalía
2016-07-01,100.9642333984375,0.005008674709356096,28.36338320576132,2.8394835551400117,Anomalía
2026-04-02,584.97998046875,0.0011459654937042319,27.964357330286216,2.817953448795946,Anomalía
2020-09-08,261.1637878417969,-0.04925726933412153,34.63046692687726,2.81115033870804,Anomalía
2024-12-20,514.5631713867188,0.008694542309275714,25.610144399706794,2.810048900032733,Anomalía
2018-10-29,155.57701110839844,-0.0207958152599376,40.604698274757844,2.769353816724705,Anomalía
2021-10-01,350.3229064941406,0.006182470678956519,20.415376807756083,2.7670984463571022,Anomalía
2025-03-12,473.9158935546875,0.01121761367996255,32.56848826253975,2.7613068097028575,Anomalía
2017-05-23,130.9620819091797,0.0010064798375148233,16.12705668984523,2.730796713008888,Anomalía
2021-10-06,349.826904296875,0.006387291178891317,22.218195032107346,2.6935575297973013,Anomalía
2021-12-08,388.67388916015625,0.004464387279045649,26.522518860997508,2.691175161354333,Anomalía
2016-01-20,93.58918762207031,-0.00307249360934942,32.50614212802455,2.6839546162622314,Anomalía
2018-10-19,164.90802001953125,-0.0009243084229913598,32.183776258277966,2.6829200010121905,Anomalía
2025-04-15,455.7837829589844,0.0011141030098419406,68.42003296104801,2.6747690987560127,Anomalía
2018-10-18,165.06051635742188,-0.023455163784425807,30.735165923823025,2.662666659781121,Anomalía
2021-09-23,362.7726745605469,0.009184637413995046,16.58355672321259,2.660666226656644,Anomalía
2022-05-09,289.74481201171875,-0.039912856429308086,46.847188730262324,2.6414096534730676,Anomalía
2024-08-01,455.3893737792969,-0.024519473638592682,28.746461915194423,2.638331181666324,Anomalía
2017-06-13,132.1104278564453,0.008083296773431099,18.2705789480382,2.636504841609518,Anomalía
2024-07-29,459.58990478515625,0.0020067476797756166,27.121874564154023,2.616830862540144,Anomalía
2024-07-18,475.03509521484375,-0.004743724798720169,23.679108334061084,2.6077205387068023,Anomalía
2020-09-14,266.2042236328125,0.017265393586213283,40.08545129168674,2.6042744496305703,Anomalía
2021-03-02,308.5951843261719,-0.01616874014961557,29.9111716056152,2.59490361564392,Anomalía
2020-03-09,186.54713439941406,-0.07199498672037109,47.981329471599615,2.590762372228882,Anomalía
2021-02-26,304.46636962890625,0.004178611583807914,28.466948180426193,2.5849955281955457,Anomalía
2026-03-30,558.280029296875,-0.007672695448329736,24.880798664366424,2.567400490532445,Anomalía
2023-08-30,370.7996520996094,0.005561112296708645,22.079892877996187,2.566344240311312,Anomalía
2024-08-07,430.73052978515625,-0.010888923538924818,33.39631878225538,2.5625100573104325,Anomalía
2018-02-14,154.19354248046875,0.01855049769947029,33.55350218795,2.561042999500294,Anomalía
2022-02-04,348.6571350097656,0.012536329371927647,37.4396148605135,2.546796968669521,Anomalía
2018-12-27,146.29165649414062,0.00386231235607864,48.64288968293244,2.5439706675163025,Anomalía
2015-09-02,95.98792266845703,0.027813483712583943,40.97441035444816,2.5437524508467932,Anomalía
2021-03-05,299.174560546875,0.014948755976324375,32.63011289192807,2.5380456867386787,Anomalía
2023-10-30,344.0818786621094,0.011202325482231629,22.94700497854026,2.5323481139846447,Anomalía
2023-08-25,358.1661376953125,0.007721538826524188,21.895708281758996,2.5200122043104334,Anomalía
2021-12-17,374.3761901855469,-0.005001590114595256,28.808052812353225,2.516479035502089,Anomalía
2022-05-03,310.8747253417969,0.001066758439048175,42.74554054894326,2.5128319409043014,Anomalía
2016-01-11,96.91474151611328,0.0030719090950849792,26.47427212561148,2.509723768562596,Anomalía
2021-03-09,302.1694030761719,0.03868356037099978,34.25174532208233,2.508531887935008,Anomalía
2024-02-26,431.2374572753906,-0.0005267957020516683,20.853403590758408,2.50093351982315,Anomalía
2016-06-10,101.49726867675781,-0.011408911798776795,10.818023078035463,-2.5149726078925116,Vol Comprimida
